term_en,definition_en,term_translated,definition_translated
Block,a large piece of a solid material that is square or rectangular in shape and usually has flat sides,பிளாக்,ஒரு திடப்பொருளின் பெரிய துண்டு சதுர அல்லது செவ்வக வடிவத்தில் இருக்கும் மற்றும் பொதுவாக தட்டையான பக்கங்களைக் கொண்டிருக்கும்
Television,a piece of electrical equipment with a screen on which you can watch programmes with moving pictures and sounds,தொலைக்காட்சி,நகரும் படங்கள் மற்றும் ஒலிகளைக் கொண்ட நிரல்களை நீங்கள் பார்க்கக்கூடிய திரையுடன் கூடிய மின் உபகரணங்கள்
Run,"to move using your legs, going faster than when you walk",ஓடவும்.,"உங்கள் கால்களைப் பயன்படுத்தி நகர்த்த, நீங்கள் நடக்கும்போது இருப்பதை விட வேகமாகச் செல்வது"
Play,"to do things for pleasure, as children do; to enjoy yourself, rather than work",விளையாடுங்கள்.,"குழந்தைகளைப் போலவே, மகிழ்ச்சிக்காக விஷயங்களைச் செய்வது; வேலையை விட உங்களை அனுபவிப்பது"
Hide,"and Seek a children’s game in which one player covers his or her eyes while the other players hide, and then tries to find them",மறைக்கவும்.,"குழந்தைகள் விளையாட்டைத் தேடுங்கள், அதில் ஒரு வீரர் தனது கண்களை மறைக்கிறார், மற்ற வீரர்கள் மறைக்கிறார்கள், பின்னர் அவற்றைக் கண்டுபிடிக்க முயற்சிக்கிறார்கள்."
Butter,"a soft yellow food made from cream, used in cooking and for spreading on bread",வெண்ணெய்,"கிரீம் கொண்டு தயாரிக்கப்படும் மென்மையான மஞ்சள் உணவு, சமையலுக்கும் ரொட்டியிலும் பயன்படுத்தப்படுகிறது"
Toast,slices of bread that have been made brown and dry by heating them on both sides in a toaster or under a grill,சிற்றுண்டி.,ஒரு டோஸ்டரில் அல்லது ஒரு கிரில்லின் கீழ் இருபுறமும் சூடாக்கி பழுப்பு மற்றும் உலர்த்தப்பட்ட ரொட்டி துண்டுகள்
Spicy,having a strong taste because spices have been added to it,காரமானது.,மசாலாப் பொருட்கள் சேர்க்கப்பட்டுள்ளதால் வலுவான சுவை கொண்டவை
Mangoes,"a tropical fruit with smooth yellow or red skin, that is soft and orange inside with a large seed",மாம்பழங்கள்,"மென்மையான மஞ்சள் அல்லது சிவப்பு தோல் கொண்ட ஒரு வெப்பமண்டல பழம், இது மென்மையானது மற்றும் ஆரஞ்சு நிறத்தில் ஒரு பெரிய விதையுடன் உள்ளே உள்ளது"
Favourite,liked more than others of the same kind,பிடித்தவை.,அதே வகையான மற்றவர்களை விட அதிகமாக விரும்பப்பட்டது
Gatekeeper,a person whose job is to check and control who is allowed to go through a gate,நுழைவாயில் காப்பாளர்,ஒரு வாயில் வழியாக செல்ல அனுமதிக்கப்படுபவரைச் சரிபார்த்துக் கட்டுப்படுத்துவது ஒரு நபரின் வேலை
Unattended,without the owner present; not being watched or cared for,கவனிக்கப்படாமல்,உரிமையாளர் இல்லாமல்; கவனிக்கப்படவோ பராமரிக்கப்படவோ இல்லை
Classroom,a room where a class of children or students is taught,வகுப்பறை,ஒரு வகுப்பு குழந்தைகள் அல்லது மாணவர்கள் கற்பிக்கப்படும் ஒரு அறை
Uniform,"the special set of clothes worn by all members of an organization or a group at work, or by children at school",சீருடை,ஒரு நிறுவனத்தின் அனைத்து உறுப்பினர்களாலும் அல்லது பணியிடத்தில் ஒரு குழுவாலும் அல்லது பள்ளியில் உள்ள குழந்தைகளாலும் அணியப்படும் சிறப்பு ஆடைகளின் தொகுப்பு
Activities,a thing that you do for interest or pleasure,செயல்பாடுகள்,வட்டி அல்லது இன்பத்திற்காக நீங்கள் செய்யும் ஒரு விஷயம்
Discipline,the practice of training people to obey rules and orders and punishing them if they do not; the controlled behaviour or situation that is the result of this training,ஒழுக்கம்,விதிகள் மற்றும் உத்தரவுகளுக்குக் கீழ்ப்படிய மக்களுக்கு பயிற்சி அளிக்கும் நடைமுறை மற்றும் அவர்கள் அவ்வாறு செய்யாவிட்டால் அவர்களைத் தண்டிக்கும் நடைமுறை; இந்த பயிற்சியின் விளைவாக இருக்கும் கட்டுப்படுத்தப்பட்ட நடத்தை அல்லது சூழ்நிலை
Playground,"an outdoor area where children can play, especially at a school or in a park or in a school playground",விளையாட்டு மைதானம்,"குழந்தைகள் விளையாடக்கூடிய ஒரு வெளிப்புற பகுதி, குறிப்பாக ஒரு பள்ளியில் அல்லது ஒரு பூங்காவில் அல்லது ஒரு பள்ளி விளையாட்டு மைதானத்தில்"
Neighbours,a person who lives next to you or near you,அண்டை வீட்டுக்காரர்கள்.,உங்களுக்கு அருகில் அல்லது உங்களுக்கு அருகில் வசிக்கும் ஒரு நபர்
Neighbourhood,a district or an area of a town; the people who live there 1,சுற்றுப்புறம்,ஒரு மாவட்டம் அல்லது ஒரு நகரத்தின் பகுதி; அங்கு வசிக்கும் மக்கள்
Bench,"a long seat for two or more people, usually made of wood",பெஞ்ச்,"இரண்டு அல்லது அதற்கு மேற்பட்ட நபர்களுக்கு நீண்ட இருக்கை, பொதுவாக மரத்தால் ஆனது"
Masjid,a building where Muslims go for prayer,மசூதி,முஸ்லிம்கள் பிரார்த்தனை செய்யச் செல்லும் கட்டிடம்
Gurdwaras,a building in which Sikhs worship,குருத்வாராக்கள்,சீக்கியர்கள் வழிபடும் கட்டிடம்
Temple,"a building used for religious worship, especially in religions other than Christianity",கோயில்,"மத வழிபாட்டிற்காகப் பயன்படுத்தப்படும் ஒரு கட்டிடம், குறிப்பாக கிறிஸ்துவத்தைத் தவிர வேறு மதங்களில்"
Regularly,at regular intervals or times,தவறாமல்,வழக்கமான இடைவெளிகள் அல்லது நேரங்களில்
Midday,12 o’clock in the middle of the day; the period around this time,மதிய நேரம்.,நள்ளிரவில் 12 மணி; இந்த நேரத்தைச் சுற்றியுள்ள காலம்
Unclean,dirty and therefore likely to cause disease,அசுத்தமானது.,அழுக்கு மற்றும் எனவே நோய் ஏற்படுத்தும் சாத்தியம்
Exercising,to do sports or other physical activities in order to stay healthy or become stronger; to make an animal do this,உடற்பயிற்சி,ஆரோக்கியமாக இருப்பதற்காகவோ அல்லது வலுவாக இருப்பதற்காகவோ விளையாட்டு அல்லது பிற உடல் செயல்பாடுகளைச் செய்வது; ஒரு விலங்கை இதைச் செய்ய வைப்பது
Grumpy,easily annoyed; in a bad mood,முட்டாள்தனம்.,எளிதில் எரிச்சலடைகிறது; மோசமான மனநிலையில்
Germs,a very small living thing that can cause infection and disease,கிருமிகள்,நோய்த்தொற்று மற்றும் நோயை ஏற்படுத்தக்கூடிய மிகச் சிறிய உயிரினம்
Trimmed,"to make something neater, smaller, better, etc., by cutting parts from it",வெட்டப்பட்டது.,"எதையாவது நிதானமாக, சிறியதாக, சிறந்ததாக மாற்ற, அதன் பாகங்களை வெட்டுவதன் மூலம்"
Foul,dirty and smelling bad,முட்டாள்தனம்.,அழுக்கு மற்றும் மோசமான வாசனை
Marbles,"a type of hard stone that is usually white and often has coloured lines in it. It can be polished (= made smooth and shiny by rubbing) and is used in building and for making statues, etc.",பளிங்குகள்,பொதுவாக வெள்ளை மற்றும் பெரும்பாலும் வண்ணக் கோடுகளைக் கொண்ட ஒரு வகை கடினமான கல். இது மெருகூட்டப்படலாம் (= தேய்த்தல் மூலம் மென்மையாகவும் பளபளப்பாகவும் செய்யப்படுகிறது) மற்றும் கட்டிடத்திலும் சிலைகள் தயாரிப்பதிலும் பயன்படுத்தப்படுகிறது.
Coins,a small flat piece of metal used as money,நாணயங்கள்,பணமாகப் பயன்படுத்தப்படும் ஒரு சிறிய தட்டையான உலோகத் துண்டு
Stranger,a person that you do not know,அந்நியன்.,உங்களுக்குத் தெரியாத ஒரு நபர்
Traffic,the vehicles that are on a road at a particular time,போக்குவரத்து நெரிசல்,ஒரு குறிப்பிட்ட நேரத்தில் சாலையில் இருக்கும் வாகனங்கள்
Signal,"a movement or sound that you make to give somebody information, instructions, a warning, etc. 2",சமிக்ஞை,"யாருக்காவது தகவல், அறிவுறுத்தல்கள், எச்சரிக்கை போன்றவற்றை வழங்க நீங்கள் செய்யும் ஒரு இயக்கம் அல்லது ஒலி."
